2020-07-21,1.977347,1.839556,2.132467
2020-07-20,1.976769,1.838978,2.131890
2020-07-17,1.976192,1.838401,2.131312
2020-07-16,1.975614,1.837823,2.130735
2020-07-15,1.975037,1.837246,2.130157
2020-07-14,1.974459,1.836668,2.129579
2020-07-13,1.973881,1.836090,2.129002
2020-07-10,1.973304,1.835513,2.128424
2020-07-09,1.972726,1.834935,2.127847
2020-07-08,1.972149,1.834358,2.127269
2020-07-07,1.971571,1.833780,2.126692
2020-07-06,1.970994,1.833203,2.126114
2020-07-03,1.970416,1.832625,2.125537
2020-07-02,1.969839,1.832048,2.124959
2020-07-01,1.969261,1.831470,2.124381
2020-06-30,1.968683,1.830892,2.123804
2020-06-29,1.968106,1.830315,2.123226
2020-06-24,1.967528,1.829737,2.122649
2020-06-23,1.966951,1.829160,2.122071
2020-06-22,1.966373,1.828582,2.121494
2020-06-19,1.965796,1.828005,2.120916
2020-06-18,1.965218,1.827427,2.120339
2020-06-17,1.964641,1.826850,2.119761
2020-06-16,1.964063,1.826272,2.119183
2020-06-15,1.963485,1.825694,2.118606
2020-06-12,1.962908,1.825117,2.118028
2020-06-11,1.962330,1.824539,2.117451
2020-06-10,1.961753,1.823962,2.116873
2020-06-09,1.961175,1.823384,2.116296
2020-06-08,1.960598,1.822807,2.115718
2020-06-05,1.960020,1.822229,2.115141
2020-06-04,1.959442,1.821652,2.114563
2020-06-03,1.958865,1.821074,2.113985
2020-06-02,1.958287,1.820496,2.113408
2020-06-01,1.957710,1.819919,2.112830
2020-05-29,1.957132,1.819341,2.112253
2020-05-28,1.956555,1.818764,2.111675
2020-05-27,1.955977,1.818186,2.111098
2020-05-26,1.955400,1.817609,2.110520
2020-05-25,1.954822,1.817031,2.109942
2020-05-22,1.954244,1.816453,2.109365
2020-05-21,1.953667,1.815876,2.108787
2020-05-20,1.953089,1.815298,2.108210
2020-05-19,1.952512,1.814721,2.107632
2020-05-18,1.951934,1.814143,2.107055
2020-05-15,1.951357,1.813566,2.106477
2020-05-14,1.950779,1.812988,2.105900
2020-05-13,1.950202,1.812411,2.105322
2020-05-12,1.949624,1.811833,2.104744
2020-05-11,1.949046,1.811255,2.104167
2020-05-08,1.948469,1.810678,2.103589
2020-05-07,1.947891,1.810100,2.103012
2020-05-06,1.947314,1.809523,2.102434
2020-04-30,1.946736,1.808945,2.101857
2020-04-29,1.946159,1.808368,2.101279
2020-04-28,1.945581,1.807790,2.100702
2020-04-27,1.945004,1.807213,2.100124
2020-04-24,1.944426,1.806635,2.099546
2020-04-23,1.943848,1.806057,2.098969
2020-04-22,1.943271,1.805480,2.098391
2020-04-21,1.942693,1.804902,2.097814
2020-04-20,1.942116,1.804325,2.097236
2020-04-17,1.941538,1.803747,2.096659
2020-04-16,1.940961,1.803170,2.096081
2020-04-15,1.940383,1.802592,2.095504
2020-04-14,1.939805,1.802015,2.094926
2020-04-13,1.939228,1.801437,2.094348
2020-04-10,1.938650,1.800859,2.093771
2020-04-09,1.938073,1.800282,2.093193
2020-04-08,1.937495,1.799704,2.092616
2020-04-07,1.936918,1.799127,2.092038
2020-04-03,1.936340,1.798549,2.091461
2020-04-02,1.935763,1.797972,2.090883
2020-04-01,1.935185,1.797394,2.090306
2020-03-31,1.934607,1.796817,2.089728
2020-03-30,1.934030,1.796239,2.089150
2020-03-27,1.933452,1.795661,2.088573
2020-03-26,1.932875,1.795084,2.087995
2020-03-25,1.932297,1.794506,2.087418
2020-03-24,1.931720,1.793929,2.086840
2020-03-23,1.931142,1.793351,2.086263
2020-03-20,1.930565,1.792774,2.085685
2020-03-19,1.929987,1.792196,2.085107
2020-03-18,1.929409,1.791618,2.084530
2020-03-17,1.928832,1.791041,2.083952
2020-03-16,1.928254,1.790463,2.083375
2020-03-13,1.927677,1.789886,2.082797
2020-03-12,1.927099,1.789308,2.082220
2020-03-11,1.926522,1.788731,2.081642
2020-03-10,1.925944,1.788153,2.081065
2020-03-09,1.925367,1.787576,2.080487
2020-03-06,1.924789,1.786998,2.079909
2020-03-05,1.924211,1.786420,2.079332
2020-03-04,1.923634,1.785843,2.078754
2020-03-03,1.923056,1.785265,2.078177
2020-03-02,1.922479,1.784688,2.077599
2020-02-28,1.921901,1.784110,2.077022
2020-02-27,1.921324,1.783533,2.076444
2020-02-26,1.920746,1.782955,2.075867
2020-02-25,1.920168,1.782378,2.075289
2020-02-24,1.919591,1.781800,2.074711
2020-02-21,1.919013,1.781222,2.074134
2020-02-20,1.918436,1.780645,2.073556
2020-02-19,1.917858,1.780067,2.072979
2020-02-18,1.917281,1.779490,2.072401
2020-02-17,1.916703,1.778912,2.071824
2020-02-14,1.916126,1.778335,2.071246
2020-02-13,1.915548,1.777757,2.070669
2020-02-12,1.914970,1.777180,2.070091
2020-02-11,1.914393,1.776602,2.069513
2020-02-10,1.913815,1.776024,2.068936
2020-02-07,1.913238,1.775447,2.068358
2020-02-06,1.912660,1.774869,2.067781
2020-02-05,1.912083,1.774292,2.067203
2020-02-04,1.911505,1.773714,2.066626
2020-02-03,1.910928,1.773137,2.066048
2020-01-23,1.910350,1.772559,2.065470
2020-01-22,1.909772,1.771981,2.064893
2020-01-21,1.909195,1.771404,2.064315
2020-01-20,1.908617,1.770826,2.063738
2020-01-17,1.908040,1.770249,2.063160
2020-01-16,1.907462,1.769671,2.062583
2020-01-15,1.906885,1.769094,2.062005
2020-01-14,1.906307,1.768516,2.061428
2020-01-13,1.905730,1.767939,2.060850
2020-01-10,1.905152,1.767361,2.060272
2020-01-09,1.904574,1.766783,2.059695
2020-01-08,1.903997,1.766206,2.059117
2020-01-07,1.903419,1.765628,2.058540
2020-01-06,1.902842,1.765051,2.057962
2020-01-03,1.902264,1.764473,2.057385
2020-01-02,1.901687,1.763896,2.056807
2019-12-31,1.901109,1.763318,2.056230
2019-12-30,1.900531,1.762741,2.055652
2019-12-27,1.899954,1.762163,2.055074
2019-12-26,1.899376,1.761585,2.054497
2019-12-25,1.898799,1.761008,2.053919
2019-12-24,1.898221,1.760430,2.053342
2019-12-23,1.897644,1.759853,2.052764
2019-12-20,1.897066,1.759275,2.052187
2019-12-19,1.896489,1.758698,2.051609
2019-12-18,1.895911,1.758120,2.051032
2019-12-17,1.895333,1.757543,2.050454
2019-12-16,1.894756,1.756965,2.049876
2019-12-13,1.894178,1.756387,2.049299
2019-12-12,1.893601,1.755810,2.048721
2019-12-11,1.893023,1.755232,2.048144
2019-12-10,1.892446,1.754655,2.047566
2019-12-09,1.891868,1.754077,2.046989
2019-12-06,1.891291,1.753500,2.046411
2019-12-05,1.890713,1.752922,2.045833
2019-12-04,1.890135,1.752344,2.045256
2019-12-03,1.889558,1.751767,2.044678
2019-12-02,1.888980,1.751189,2.044101
2019-11-29,1.888403,1.750612,2.043523
2019-11-28,1.887825,1.750034,2.042946
2019-11-27,1.887248,1.749457,2.042368
2019-11-26,1.886670,1.748879,2.041791
2019-11-25,1.886093,1.748302,2.041213
2019-11-22,1.885515,1.747724,2.040635
2019-11-21,1.884937,1.747146,2.040058
2019-11-20,1.884360,1.746569,2.039480
2019-11-19,1.883782,1.745991,2.038903
2019-11-18,1.883205,1.745414,2.038325
2019-11-15,1.882627,1.744836,2.037748
2019-11-14,1.882050,1.744259,2.037170
2019-11-13,1.881472,1.743681,2.036593
2019-11-12,1.880895,1.743104,2.036015
2019-11-11,1.880317,1.742526,2.035437
2019-11-08,1.879739,1.741948,2.034860
2019-11-07,1.879162,1.741371,2.034282
2019-11-06,1.878584,1.740793,2.033705
2019-11-05,1.878007,1.740216,2.033127
2019-11-04,1.877429,1.739638,2.032550
2019-11-01,1.876852,1.739061,2.031972
2019-10-31,1.876274,1.738483,2.031395
2019-10-30,1.875696,1.737906,2.030817
2019-10-29,1.875119,1.737328,2.030239
2019-10-28,1.874541,1.736750,2.029662
2019-10-25,1.873964,1.736173,2.029084
2019-10-24,1.873386,1.735595,2.028507
2019-10-23,1.872809,1.735018,2.027929
2019-10-22,1.872231,1.734440,2.027352
2019-10-21,1.871654,1.733863,2.026774
2019-10-18,1.871076,1.733285,2.026196
2019-10-17,1.870498,1.732707,2.025619
2019-10-16,1.869921,1.732130,2.025041
2019-10-15,1.869343,1.731552,2.024464
2019-10-14,1.868766,1.730975,2.023886
2019-10-11,1.868188,1.730397,2.023309
2019-10-10,1.867611,1.729820,2.022731
2019-10-09,1.867033,1.729242,2.022154
2019-10-08,1.866456,1.728665,2.021576
2019-09-30,1.865878,1.728087,2.020998
2019-09-27,1.865300,1.727509,2.020421
2019-09-26,1.864723,1.726932,2.019843
2019-09-25,1.864145,1.726354,2.019266
2019-09-24,1.863568,1.725777,2.018688
2019-09-23,1.862990,1.725199,2.018111
2019-09-20,1.862413,1.724622,2.017533
2019-09-19,1.861835,1.724044,2.016956
2019-09-18,1.861258,1.723467,2.016378
2019-09-17,1.860680,1.722889,2.015800
2019-09-16,1.860102,1.722311,2.015223
2019-09-12,1.859525,1.721734,2.014645
2019-09-11,1.858947,1.721156,2.014068
2019-09-10,1.858370,1.720579,2.013490
2019-09-09,1.857792,1.720001,2.012913
2019-09-06,1.857215,1.719424,2.012335
2019-09-05,1.856637,1.718846,2.011758
2019-09-04,1.856059,1.718269,2.011180
2019-09-03,1.855482,1.717691,2.010602
2019-09-02,1.854904,1.717113,2.010025
2019-08-30,1.854327,1.716536,2.009447
2019-08-29,1.853749,1.715958,2.008870
2019-08-28,1.853172,1.715381,2.008292
2019-08-27,1.852594,1.714803,2.007715
2019-08-26,1.852017,1.714226,2.007137
2019-08-23,1.851439,1.713648,2.006560
2019-08-22,1.850861,1.713071,2.005982
2019-08-21,1.850284,1.712493,2.005404
2019-08-20,1.849706,1.711915,2.004827
2019-08-19,1.849129,1.711338,2.004249
2019-08-16,1.848551,1.710760,2.003672
2019-08-15,1.847974,1.710183,2.003094
2019-08-14,1.847396,1.709605,2.002517
2019-08-13,1.846819,1.709028,2.001939
2019-08-12,1.846241,1.708450,2.001361
2019-08-09,1.845663,1.707872,2.000784
2019-08-08,1.845086,1.707295,2.000206
2019-08-07,1.844508,1.706717,1.999629
2019-08-06,1.843931,1.706140,1.999051
2019-08-05,1.843353,1.705562,1.998474
2019-08-02,1.842776,1.704985,1.997896
2019-08-01,1.842198,1.704407,1.997319
2019-07-31,1.841621,1.703830,1.996741
2019-07-30,1.841043,1.703252,1.996163
2019-07-29,1.840465,1.702674,1.995586
2019-07-26,1.839888,1.702097,1.995008
2019-07-25,1.839310,1.701519,1.994431
2019-07-24,1.838733,1.700942,1.993853
2019-07-23,1.838155,1.700364,1.993276
2019-07-22,1.837578,1.699787,1.992698
2019-07-19,1.837000,1.699209,1.992121
2019-07-18,1.836422,1.698632,1.991543
2019-07-17,1.835845,1.698054,1.990965
2019-07-16,1.835267,1.697476,1.990388
2019-07-15,1.834690,1.696899,1.989810
2019-07-12,1.834112,1.696321,1.989233
2019-07-11,1.833535,1.695744,1.988655
2019-07-10,1.832957,1.695166,1.988078
2019-07-09,1.832380,1.694589,1.987500
2019-07-08,1.831802,1.694011,1.986923
2019-07-05,1.831224,1.693434,1.986345
2019-07-04,1.830647,1.692856,1.985767
2019-07-03,1.830069,1.692278,1.985190
2019-07-02,1.829492,1.691701,1.984612
2019-07-01,1.828914,1.691123,1.984035
2019-06-30,1.828337,1.690546,1.983457
2019-06-28,1.827759,1.689968,1.982880
2019-06-27,1.827182,1.689391,1.982302
2019-06-26,1.826604,1.688813,1.981724
2019-06-25,1.826026,1.688235,1.981147
2019-06-24,1.825449,1.687658,1.980569
2019-06-21,1.824871,1.687080,1.979992
2019-06-20,1.824294,1.686503,1.979414
2019-06-19,1.823716,1.685925,1.978837
2019-06-18,1.823139,1.685348,1.978259
2019-06-17,1.822561,1.684770,1.977682
2019-06-14,1.821984,1.684193,1.977104
2019-06-13,1.821406,1.683615,1.976526
2019-06-12,1.820828,1.683037,1.975949
2019-06-11,1.820251,1.682460,1.975371
2019-06-10,1.819673,1.681882,1.974794
2019-06-06,1.819096,1.681305,1.974216
2019-06-05,1.818518,1.680727,1.973639
2019-06-04,1.817941,1.680150,1.973061
2019-06-03,1.817363,1.679572,1.972484
2019-05-31,1.816785,1.678995,1.971906
2019-05-30,1.816208,1.678417,1.971328
2019-05-29,1.815630,1.677839,1.970751
2019-05-28,1.815053,1.677262,1.970173
2019-05-27,1.814475,1.676684,1.969596
2019-05-24,1.813898,1.676107,1.969018
2019-05-23,1.813320,1.675529,1.968441
2019-05-22,1.812743,1.674952,1.967863
2019-05-21,1.812165,1.674374,1.967286
2019-05-20,1.811587,1.673797,1.966708
2019-05-17,1.811010,1.673219,1.966130
2019-05-16,1.810432,1.672641,1.965553
2019-05-15,1.809855,1.672064,1.964975
2019-05-14,1.809277,1.671486,1.964398
2019-05-13,1.808700,1.670909,1.963820
2019-05-10,1.808122,1.670331,1.963243
2019-05-09,1.807545,1.669754,1.962665
2019-05-08,1.806967,1.669176,1.962087
2019-05-07,1.806389,1.668598,1.961510
2019-05-06,1.805812,1.668021,1.960932
2019-04-30,1.805234,1.667443,1.960355
2019-04-29,1.804657,1.666866,1.959777
2019-04-26,1.804079,1.666288,1.959200
2019-04-25,1.803502,1.665711,1.958622
2019-04-24,1.802924,1.665133,1.958045
2019-04-23,1.802347,1.664556,1.957467
2019-04-22,1.801769,1.663978,1.956889
2019-04-19,1.801191,1.663400,1.956312
2019-04-18,1.800614,1.662823,1.955734
2019-04-17,1.800036,1.662245,1.955157
2019-04-16,1.799459,1.661668,1.954579
2019-04-15,1.798881,1.661090,1.954002
2019-04-12,1.798304,1.660513,1.953424
2019-04-11,1.797726,1.659935,1.952847
2019-04-10,1.797149,1.659358,1.952269
2019-04-09,1.796571,1.658780,1.951691
2019-04-08,1.795993,1.658202,1.951114
2019-04-04,1.795416,1.657625,1.950536
2019-04-03,1.794838,1.657047,1.949959
2019-04-02,1.794261,1.656470,1.949381
2019-04-01,1.793683,1.655892,1.948804
2019-03-29,1.793106,1.655315,1.948226
2019-03-28,1.792528,1.654737,1.947649
2019-03-27,1.791950,1.654160,1.947071
2019-03-26,1.791373,1.653582,1.946493
2019-03-25,1.790795,1.653004,1.945916
2019-03-22,1.790218,1.652427,1.945338
2019-03-21,1.789640,1.651849,1.944761
2019-03-20,1.789063,1.651272,1.944183
2019-03-19,1.788485,1.650694,1.943606
2019-03-18,1.787908,1.650117,1.943028
2019-03-15,1.787330,1.649539,1.942450
2019-03-14,1.786752,1.648961,1.941873
2019-03-13,1.786175,1.648384,1.941295
2019-03-12,1.785597,1.647806,1.940718
2019-03-11,1.785020,1.647229,1.940140
2019-03-08,1.784442,1.646651,1.939563
2019-03-07,1.783865,1.646074,1.938985
2019-03-06,1.783287,1.645496,1.938408
2019-03-05,1.782710,1.644919,1.937830
2019-03-04,1.782132,1.644341,1.937252
2019-03-01,1.781554,1.643763,1.936675
2019-02-28,1.780977,1.643186,1.936097
2019-02-27,1.780399,1.642608,1.935520
2019-02-26,1.779822,1.642031,1.934942
2019-02-25,1.779244,1.641453,1.934365
2019-02-22,1.778667,1.640876,1.933787
2019-02-21,1.778089,1.640298,1.933210
2019-02-20,1.777512,1.639721,1.932632
2019-02-19,1.776934,1.639143,1.932054
2019-02-18,1.776356,1.638565,1.931477
2019-02-15,1.775779,1.637988,1.930899
2019-02-14,1.775201,1.637410,1.930322
2019-02-13,1.774624,1.636833,1.929744
2019-02-12,1.774046,1.636255,1.929167
2019-02-11,1.773469,1.635678,1.928589
2019-02-01,1.772891,1.635100,1.928012
2019-01-31,1.772313,1.634523,1.927434
2019-01-30,1.771736,1.633945,1.926856
2019-01-29,1.771158,1.633367,1.926279
2019-01-28,1.770581,1.632790,1.925701
2019-01-25,1.770003,1.632212,1.925124
2019-01-24,1.769426,1.631635,1.924546
2019-01-23,1.768848,1.631057,1.923969
2019-01-22,1.768271,1.630480,1.923391
2019-01-21,1.767693,1.629902,1.922814
2019-01-18,1.767115,1.629325,1.922236
2019-01-17,1.766538,1.628747,1.921658
2019-01-16,1.765960,1.628169,1.921081
2019-01-15,1.765383,1.627592,1.920503
2019-01-14,1.764805,1.627014,1.919926
2019-01-11,1.764228,1.626437,1.919348
2019-01-10,1.763650,1.625859,1.918771
2019-01-09,1.763073,1.625282,1.918193
2019-01-08,1.762495,1.624704,1.917615
2019-01-07,1.761917,1.624126,1.917038
2019-01-04,1.761340,1.623549,1.916460
2019-01-03,1.760762,1.622971,1.915883
2019-01-02,1.760185,1.622394,1.915305
2018-12-31,1.759607,1.621816,1.914728
2018-12-28,1.759030,1.621239,1.914150
2018-12-27,1.758452,1.620661,1.913573
2018-12-26,1.757875,1.620084,1.912995
2018-12-25,1.757297,1.619506,1.912417
2018-12-24,1.756719,1.618928,1.911840
2018-12-21,1.756142,1.618351,1.911262
2018-12-20,1.755564,1.617773,1.910685
2018-12-19,1.754987,1.617196,1.910107
2018-12-18,1.754409,1.616618,1.909530
2018-12-17,1.753832,1.616041,1.908952
2018-12-14,1.753254,1.615463,1.908375
2018-12-13,1.752676,1.614886,1.907797
2018-12-12,1.752099,1.614308,1.907219
2018-12-11,1.751521,1.613730,1.906642
2018-12-10,1.750944,1.613153,1.906064
2018-12-07,1.750366,1.612575,1.905487
2018-12-06,1.749789,1.611998,1.904909
2018-12-05,1.749211,1.611420,1.904332
2018-12-04,1.748634,1.610843,1.903754
2018-12-03,1.748056,1.610265,1.903177
2018-11-30,1.747478,1.609688,1.902599
2018-11-29,1.746901,1.609110,1.902021
2018-11-28,1.746323,1.608532,1.901444
2018-11-27,1.745746,1.607955,1.900866
2018-11-26,1.745168,1.607377,1.900289
2018-11-23,1.744591,1.606800,1.899711
2018-11-22,1.744013,1.606222,1.899134
2018-11-21,1.743436,1.605645,1.898556
2018-11-20,1.742858,1.605067,1.897978
2018-11-19,1.742280,1.604489,1.897401
2018-11-16,1.741703,1.603912,1.896823
2018-11-15,1.741125,1.603334,1.896246
2018-11-14,1.740548,1.602757,1.895668
2018-11-13,1.739970,1.602179,1.895091
2018-11-12,1.739393,1.601602,1.894513
2018-11-09,1.738815,1.601024,1.893936
2018-11-08,1.738238,1.600447,1.893358
2018-11-07,1.737660,1.599869,1.892780
2018-11-06,1.737082,1.599291,1.892203
2018-11-05,1.736505,1.598714,1.891625
2018-11-02,1.735927,1.598136,1.891048
2018-11-01,1.735350,1.597559,1.890470
2018-10-31,1.734772,1.596981,1.889893
2018-10-30,1.734195,1.596404,1.889315
2018-10-29,1.733617,1.595826,1.888738
2018-10-26,1.733039,1.595249,1.888160
2018-10-25,1.732462,1.594671,1.887582
2018-10-24,1.731884,1.594093,1.887005
2018-10-23,1.731307,1.593516,1.886427
2018-10-22,1.730729,1.592938,1.885850
2018-10-19,1.730152,1.592361,1.885272
2018-10-18,1.729574,1.591783,1.884695
2018-10-17,1.728997,1.591206,1.884117
2018-10-16,1.728419,1.590628,1.883540
2018-10-15,1.727841,1.590051,1.882962
2018-10-12,1.727264,1.589473,1.882384
2018-10-11,1.726686,1.588895,1.881807
2018-10-10,1.726109,1.588318,1.881229
2018-10-09,1.725531,1.587740,1.880652
2018-10-08,1.724954,1.587163,1.880074
2018-09-28,1.724376,1.586585,1.879497
2018-09-27,1.723799,1.586008,1.878919
2018-09-26,1.723221,1.585430,1.878341
2018-09-25,1.722643,1.584852,1.877764
2018-09-21,1.722066,1.584275,1.877186
2018-09-20,1.721488,1.583697,1.876609
2018-09-19,1.720911,1.583120,1.876031
2018-09-18,1.720333,1.582542,1.875454
2018-09-17,1.719756,1.581965,1.874876
2018-09-14,1.719178,1.581387,1.874299
2018-09-13,1.718601,1.580810,1.873721
2018-09-12,1.718023,1.580232,1.873143
2018-09-11,1.717445,1.579654,1.872566
2018-09-10,1.716868,1.579077,1.871988
2018-09-07,1.716290,1.578499,1.871411
2018-09-06,1.715713,1.577922,1.870833
2018-09-05,1.715135,1.577344,1.870256
2018-09-04,1.714558,1.576767,1.869678
2018-09-03,1.713980,1.576189,1.869101
2018-08-31,1.713403,1.575612,1.868523
2018-08-30,1.712825,1.575034,1.867945
2018-08-29,1.712247,1.574456,1.867368
2018-08-28,1.711670,1.573879,1.866790
2018-08-27,1.711092,1.573301,1.866213
2018-08-24,1.710515,1.572724,1.865635
2018-08-23,1.709937,1.572146,1.865058
2018-08-22,1.709360,1.571569,1.864480
2018-08-21,1.708782,1.570991,1.863903
2018-08-20,1.708204,1.570414,1.863325
2018-08-17,1.707627,1.569836,1.862747
2018-08-16,1.707049,1.569258,1.862170
2018-08-15,1.706472,1.568681,1.861592
2018-08-14,1.705894,1.568103,1.861015
2018-08-13,1.705317,1.567526,1.860437
2018-08-10,1.704739,1.566948,1.859860
2018-08-09,1.704162,1.566371,1.859282
2018-08-08,1.703584,1.565793,1.858704
2018-08-07,1.703006,1.565215,1.858127
2018-08-06,1.702429,1.564638,1.857549
2018-08-03,1.701851,1.564060,1.856972
2018-08-02,1.701274,1.563483,1.856394
2018-08-01,1.700696,1.562905,1.855817
2018-07-31,1.700119,1.562328,1.855239
2018-07-30,1.699541,1.561750,1.854662
2018-07-27,1.698964,1.561173,1.854084
2018-07-26,1.698386,1.560595,1.853506
2018-07-25,1.697808,1.560017,1.852929
2018-07-24,1.697231,1.559440,1.852351
2018-07-23,1.696653,1.558862,1.851774
2018-07-20,1.696076,1.558285,1.851196
2018-07-19,1.695498,1.557707,1.850619
2018-07-18,1.694921,1.557130,1.850041
2018-07-17,1.694343,1.556552,1.849464
2018-07-16,1.693766,1.555975,1.848886
2018-07-13,1.693188,1.555397,1.848308
2018-07-12,1.692610,1.554819,1.847731
2018-07-11,1.692033,1.554242,1.847153
2018-07-10,1.691455,1.553664,1.846576
2018-07-09,1.690878,1.553087,1.845998
2018-07-06,1.690300,1.552509,1.845421
2018-07-05,1.689723,1.551932,1.844843
2018-07-04,1.689145,1.551354,1.844266
2018-07-03,1.688567,1.550777,1.843688
2018-07-02,1.687990,1.550199,1.843110
2018-06-30,1.687412,1.549621,1.842533
2018-06-29,1.686835,1.549044,1.841955
2018-06-28,1.686257,1.548466,1.841378
2018-06-27,1.685680,1.547889,1.840800
2018-06-26,1.685102,1.547311,1.840223
2018-06-25,1.684525,1.546734,1.839645
2018-06-22,1.683947,1.546156,1.839068
2018-06-21,1.683369,1.545579,1.838490
2018-06-20,1.682792,1.545001,1.837912
2018-06-19,1.682214,1.544423,1.837335
2018-06-15,1.681637,1.543846,1.836757
2018-06-14,1.681059,1.543268,1.836180
2018-06-13,1.680482,1.542691,1.835602
2018-06-12,1.679904,1.542113,1.835025
2018-06-11,1.679327,1.541536,1.834447
2018-06-08,1.678749,1.540958,1.833869
2018-06-07,1.678171,1.540380,1.833292
2018-06-06,1.677594,1.539803,1.832714
2018-06-05,1.677016,1.539225,1.832137
2018-06-04,1.676439,1.538648,1.831559
2018-06-01,1.675861,1.538070,1.830982
2018-05-31,1.675284,1.537493,1.830404
2018-05-30,1.674706,1.536915,1.829827
2018-05-29,1.674129,1.536338,1.829249
2018-05-28,1.673551,1.535760,1.828671
2018-05-25,1.672973,1.535182,1.828094
2018-05-24,1.672396,1.534605,1.827516
2018-05-23,1.671818,1.534027,1.826939
2018-05-22,1.671241,1.533450,1.826361
2018-05-21,1.670663,1.532872,1.825784
2018-05-18,1.670086,1.532295,1.825206
2018-05-17,1.669508,1.531717,1.824629
2018-05-16,1.668930,1.531140,1.824051
2018-05-15,1.668353,1.530562,1.823473
2018-05-14,1.667775,1.529984,1.822896
2018-05-11,1.667198,1.529407,1.822318
2018-05-10,1.666620,1.528829,1.821741
2018-05-09,1.666043,1.528252,1.821163
2018-05-08,1.665465,1.527674,1.820586
2018-05-07,1.664888,1.527097,1.820008
2018-05-04,1.664310,1.526519,1.819431
2018-05-03,1.663732,1.525942,1.818853
2018-05-02,1.663155,1.525364,1.818275
2018-04-27,1.662577,1.524786,1.817698
2018-04-26,1.662000,1.524209,1.817120
2018-04-25,1.661422,1.523631,1.816543
2018-04-24,1.660845,1.523054,1.815965
2018-04-23,1.660267,1.522476,1.815388
2018-04-20,1.659690,1.521899,1.814810
2018-04-19,1.659112,1.521321,1.814232
2018-04-18,1.658534,1.520743,1.813655
2018-04-17,1.657957,1.520166,1.813077
2018-04-16,1.657379,1.519588,1.812500
2018-04-13,1.656802,1.519011,1.811922
2018-04-12,1.656224,1.518433,1.811345
2018-04-11,1.655647,1.517856,1.810767
2018-04-10,1.655069,1.517278,1.810190
2018-04-09,1.654492,1.516701,1.809612
2018-04-04,1.653914,1.516123,1.809034
2018-04-03,1.653336,1.515545,1.808457
2018-04-02,1.652759,1.514968,1.807879
2018-03-30,1.652181,1.514390,1.807302
2018-03-29,1.651604,1.513813,1.806724
2018-03-28,1.651026,1.513235,1.806147
2018-03-27,1.650449,1.512658,1.805569
2018-03-26,1.649871,1.512080,1.804992
2018-03-23,1.649293,1.511503,1.804414
2018-03-22,1.648716,1.510925,1.803836
2018-03-21,1.648138,1.510347,1.803259
2018-03-20,1.647561,1.509770,1.802681
2018-03-19,1.646983,1.509192,1.802104
2018-03-16,1.646406,1.508615,1.801526
2018-03-15,1.645828,1.508037,1.800949
2018-03-14,1.645251,1.507460,1.800371
2018-03-13,1.644673,1.506882,1.799794
2018-03-12,1.644095,1.506305,1.799216
2018-03-09,1.643518,1.505727,1.798638
2018-03-08,1.642940,1.505149,1.798061
2018-03-07,1.642363,1.504572,1.797483
2018-03-06,1.641785,1.503994,1.796906
2018-03-05,1.641208,1.503417,1.796328
2018-03-02,1.640630,1.502839,1.795751
2018-03-01,1.640053,1.502262,1.795173
2018-02-28,1.639475,1.501684,1.794595
2018-02-27,1.638897,1.501106,1.794018
2018-02-26,1.638320,1.500529,1.793440
2018-02-23,1.637742,1.499951,1.792863
2018-02-22,1.637165,1.499374,1.792285
2018-02-14,1.636587,1.498796,1.791708
2018-02-13,1.636010,1.498219,1.791130
2018-02-12,1.635432,1.497641,1.790553
2018-02-09,1.634855,1.497064,1.789975
2018-02-08,1.634277,1.496486,1.789397
2018-02-07,1.633699,1.495908,1.788820
2018-02-06,1.633122,1.495331,1.788242
2018-02-05,1.632544,1.494753,1.787665
2018-02-02,1.631967,1.494176,1.787087
2018-02-01,1.631389,1.493598,1.786510
2018-01-31,1.630812,1.493021,1.785932
2018-01-30,1.630234,1.492443,1.785355
2018-01-29,1.629657,1.491866,1.784777
2018-01-26,1.629079,1.491288,1.784199
2018-01-25,1.628501,1.490710,1.783622
2018-01-24,1.627924,1.490133,1.783044
2018-01-23,1.627346,1.489555,1.782467
2018-01-22,1.626769,1.488978,1.781889
2018-01-19,1.626191,1.488400,1.781312
2018-01-18,1.625614,1.487823,1.780734
2018-01-17,1.625036,1.487245,1.780157
2018-01-16,1.624458,1.486668,1.779579
2018-01-15,1.623881,1.486090,1.779001
2018-01-12,1.623303,1.485512,1.778424
2018-01-11,1.622726,1.484935,1.777846
2018-01-10,1.622148,1.484357,1.777269
2018-01-09,1.621571,1.483780,1.776691
2018-01-08,1.620993,1.483202,1.776114
2018-01-05,1.620416,1.482625,1.775536
2018-01-04,1.619838,1.482047,1.774958
2018-01-03,1.619260,1.481469,1.774381
2018-01-02,1.618683,1.480892,1.773803
2017-12-31,1.618105,1.480314,1.773226
2017-12-29,1.617528,1.479737,1.772648
2017-12-28,1.616950,1.479159,1.772071
2017-12-27,1.616373,1.478582,1.771493
2017-12-26,1.615795,1.478004,1.770916
2017-12-25,1.615218,1.477427,1.770338
2017-12-22,1.614640,1.476849,1.769760
2017-12-21,1.614062,1.476271,1.769183
2017-12-20,1.613485,1.475694,1.768605
2017-12-19,1.612907,1.475116,1.768028
2017-12-18,1.612330,1.474539,1.767450
2017-12-15,1.611752,1.473961,1.766873
2017-12-14,1.611175,1.473384,1.766295
2017-12-13,1.610597,1.472806,1.765718
2017-12-12,1.610020,1.472229,1.765140
2017-12-11,1.609442,1.471651,1.764562
2017-12-08,1.608864,1.471073,1.763985
2017-12-07,1.608287,1.470496,1.763407
2017-12-06,1.607709,1.469918,1.762830
2017-12-05,1.607132,1.469341,1.762252
2017-12-04,1.606554,1.468763,1.761675
2017-12-01,1.605977,1.468186,1.761097
2017-11-30,1.605399,1.467608,1.760520
2017-11-29,1.604821,1.467031,1.759942
2017-11-28,1.604244,1.466453,1.759364
2017-11-27,1.603666,1.465875,1.758787
2017-11-24,1.603089,1.465298,1.758209
2017-11-23,1.602511,1.464720,1.757632
2017-11-22,1.601934,1.464143,1.757054
2017-11-21,1.601356,1.463565,1.756477
2017-11-20,1.600779,1.462988,1.755899
2017-11-17,1.600201,1.462410,1.755322
2017-11-16,1.599623,1.461832,1.754744
2017-11-15,1.599046,1.461255,1.754166
2017-11-14,1.598468,1.460677,1.753589
2017-11-13,1.597891,1.460100,1.753011
2017-11-10,1.597313,1.459522,1.752434
2017-11-09,1.596736,1.458945,1.751856
2017-11-08,1.596158,1.458367,1.751279
2017-11-07,1.595581,1.457790,1.750701
2017-11-06,1.595003,1.457212,1.750123
2017-11-03,1.594425,1.456634,1.749546
2017-11-02,1.593848,1.456057,1.748968
2017-11-01,1.593270,1.455479,1.748391
2017-10-31,1.592693,1.454902,1.747813
2017-10-30,1.592115,1.454324,1.747236
2017-10-27,1.591538,1.453747,1.746658
2017-10-26,1.590960,1.453169,1.746081
2017-10-25,1.590383,1.452592,1.745503
2017-10-24,1.589805,1.452014,1.744925
2017-10-23,1.589227,1.451436,1.744348
2017-10-20,1.588650,1.450859,1.743770
2017-10-19,1.588072,1.450281,1.743193
2017-10-18,1.587495,1.449704,1.742615
2017-10-17,1.586917,1.449126,1.742038
2017-10-16,1.586340,1.448549,1.741460
2017-10-13,1.585762,1.447971,1.740883
2017-10-12,1.585184,1.447394,1.740305
2017-10-11,1.584607,1.446816,1.739727
2017-10-10,1.584029,1.446238,1.739150
2017-10-09,1.583452,1.445661,1.738572
2017-09-29,1.582874,1.445083,1.737995
2017-09-28,1.582297,1.444506,1.737417
2017-09-27,1.581719,1.443928,1.736840
2017-09-26,1.581142,1.443351,1.736262
2017-09-25,1.580564,1.442773,1.735685
2017-09-22,1.579986,1.442196,1.735107
2017-09-21,1.579409,1.441618,1.734529
2017-09-20,1.578831,1.441040,1.733952
2017-09-19,1.578254,1.440463,1.733374
2017-09-18,1.577676,1.439885,1.732797
2017-09-15,1.577099,1.439308,1.732219
2017-09-14,1.576521,1.438730,1.731642
2017-09-13,1.575944,1.438153,1.731064
2017-09-12,1.575366,1.437575,1.730486
2017-09-11,1.574788,1.436997,1.729909
2017-09-08,1.574211,1.436420,1.729331
2017-09-07,1.573633,1.435842,1.728754
2017-09-06,1.573056,1.435265,1.728176
2017-09-05,1.572478,1.434687,1.727599
2017-09-04,1.571901,1.434110,1.727021
2017-09-01,1.571323,1.433532,1.726444
2017-08-31,1.570746,1.432955,1.725866
2017-08-30,1.570168,1.432377,1.725288
2017-08-29,1.569590,1.431799,1.724711
2017-08-28,1.569013,1.431222,1.724133
2017-08-25,1.568435,1.430644,1.723556
2017-08-24,1.567858,1.430067,1.722978
2017-08-23,1.567280,1.429489,1.722401
2017-08-22,1.566703,1.428912,1.721823
2017-08-21,1.566125,1.428334,1.721246
2017-08-18,1.565547,1.427757,1.720668
2017-08-17,1.564970,1.427179,1.720090
2017-08-16,1.564392,1.426601,1.719513
2017-08-15,1.563815,1.426024,1.718935
2017-08-14,1.563237,1.425446,1.718358
2017-08-11,1.562660,1.424869,1.717780
2017-08-10,1.562082,1.424291,1.717203
2017-08-09,1.561505,1.423714,1.716625
2017-08-08,1.560927,1.423136,1.716048
2017-08-07,1.560349,1.422559,1.715470
2017-08-04,1.559772,1.421981,1.714892
2017-08-03,1.559194,1.421403,1.714315
2017-08-02,1.558617,1.420826,1.713737
2017-08-01,1.558039,1.420248,1.713160
2017-07-31,1.557462,1.419671,1.712582
2017-07-28,1.556884,1.419093,1.712005
2017-07-27,1.556307,1.418516,1.711427
2017-07-26,1.555729,1.417938,1.710849
2017-07-25,1.555151,1.417360,1.710272
2017-07-24,1.554574,1.416783,1.709694
2017-07-21,1.553996,1.416205,1.709117
2017-07-20,1.553419,1.415628,1.708539
2017-07-19,1.552841,1.415050,1.707962
2017-07-18,1.552264,1.414473,1.707384
2017-07-17,1.551686,1.413895,1.706807
2017-07-14,1.551109,1.413318,1.706229
2017-07-13,1.550531,1.412740,1.705651
2017-07-12,1.549953,1.412162,1.705074
2017-07-11,1.549376,1.411585,1.704496
2017-07-10,1.548798,1.411007,1.703919
2017-07-07,1.548221,1.410430,1.703341
2017-07-06,1.547643,1.409852,1.702764
2017-07-05,1.547066,1.409275,1.702186
2017-07-04,1.546488,1.408697,1.701609
2017-07-03,1.545911,1.408120,1.701031
2017-06-30,1.545333,1.407542,1.700453
2017-06-29,1.544755,1.406964,1.699876
2017-06-28,1.544178,1.406387,1.699298
2017-06-27,1.543600,1.405809,1.698721
2017-06-26,1.543023,1.405232,1.698143
2017-06-23,1.542445,1.404654,1.697566
2017-06-22,1.541868,1.404077,1.696988
2017-06-21,1.541290,1.403499,1.696411
2017-06-20,1.540712,1.402922,1.695833
2017-06-19,1.540135,1.402344,1.695255
2017-06-16,1.539557,1.401766,1.694678
2017-06-15,1.538980,1.401189,1.694100
2017-06-14,1.538402,1.400611,1.693523
2017-06-13,1.537825,1.400034,1.692945
2017-06-12,1.537247,1.399456,1.692368
2017-06-09,1.536670,1.398879,1.691790
2017-06-08,1.536092,1.398301,1.691212
2017-06-07,1.535514,1.397723,1.690635
2017-06-06,1.534937,1.397146,1.690057
2017-06-05,1.534359,1.396568,1.689480
2017-06-02,1.533782,1.395991,1.688902
2017-06-01,1.533204,1.395413,1.688325
2017-05-31,1.532627,1.394836,1.687747
2017-05-26,1.532049,1.394258,1.687170
2017-05-25,1.531472,1.393681,1.686592
2017-05-24,1.530894,1.393103,1.686014
2017-05-23,1.530316,1.392525,1.685437
2017-05-22,1.529739,1.391948,1.684859
2017-05-19,1.529161,1.391370,1.684282
2017-05-18,1.528584,1.390793,1.683704
2017-05-17,1.528006,1.390215,1.683127
2017-05-16,1.527429,1.389638,1.682549
2017-05-15,1.526851,1.389060,1.681972
2017-05-12,1.526274,1.388483,1.681394
2017-05-11,1.525696,1.387905,1.680816
2017-05-10,1.525118,1.387327,1.680239
2017-05-09,1.524541,1.386750,1.679661
2017-05-08,1.523963,1.386172,1.679084
2017-05-05,1.523386,1.385595,1.678506
2017-05-04,1.522808,1.385017,1.677929
2017-05-03,1.522231,1.384440,1.677351
2017-05-02,1.521653,1.383862,1.676774
2017-04-28,1.521075,1.383285,1.676196
2017-04-27,1.520498,1.382707,1.675618
2017-04-26,1.519920,1.382129,1.675041
2017-04-25,1.519343,1.381552,1.674463
2017-04-24,1.518765,1.380974,1.673886
2017-04-21,1.518188,1.380397,1.673308
2017-04-20,1.517610,1.379819,1.672731
2017-04-19,1.517033,1.379242,1.672153
2017-04-18,1.516455,1.378664,1.671576
2017-04-17,1.515877,1.378086,1.670998
2017-04-14,1.515300,1.377509,1.670420
2017-04-13,1.514722,1.376931,1.669843
2017-04-12,1.514145,1.376354,1.669265
2017-04-11,1.513567,1.375776,1.668688
2017-04-10,1.512990,1.375199,1.668110
2017-04-07,1.512412,1.374621,1.667533
2017-04-06,1.511835,1.374044,1.666955
2017-04-05,1.511257,1.373466,1.666377
2017-03-31,1.510679,1.372888,1.665800
2017-03-30,1.510102,1.372311,1.665222
2017-03-29,1.509524,1.371733,1.664645
2017-03-28,1.508947,1.371156,1.664067
2017-03-27,1.508369,1.370578,1.663490
2017-03-24,1.507792,1.370001,1.662912
2017-03-23,1.507214,1.369423,1.662335
2017-03-22,1.506637,1.368846,1.661757
2017-03-21,1.506059,1.368268,1.661179
2017-03-20,1.505481,1.367690,1.660602
2017-03-17,1.504904,1.367113,1.660024
2017-03-16,1.504326,1.366535,1.659447
2017-03-15,1.503749,1.365958,1.658869
2017-03-14,1.503171,1.365380,1.658292
2017-03-13,1.502594,1.364803,1.657714
2017-03-10,1.502016,1.364225,1.657137
2017-03-09,1.501438,1.363648,1.656559
2017-03-08,1.500861,1.363070,1.655981
2017-03-07,1.500283,1.362492,1.655404
2017-03-06,1.499706,1.361915,1.654826
2017-03-03,1.499128,1.361337,1.654249
2017-03-02,1.498551,1.360760,1.653671
2017-03-01,1.497973,1.360182,1.653094
2017-02-28,1.497396,1.359605,1.652516
2017-02-27,1.496818,1.359027,1.651939
2017-02-24,1.496240,1.358450,1.651361
2017-02-23,1.495663,1.357872,1.650783
2017-02-22,1.495085,1.357294,1.650206
2017-02-21,1.494508,1.356717,1.649628
2017-02-20,1.493930,1.356139,1.649051
2017-02-17,1.493353,1.355562,1.648473
2017-02-16,1.492775,1.354984,1.647896
2017-02-15,1.492198,1.354407,1.647318
2017-02-14,1.491620,1.353829,1.646740
2017-02-13,1.491042,1.353251,1.646163
2017-02-10,1.490465,1.352674,1.645585
2017-02-09,1.489887,1.352096,1.645008
2017-02-08,1.489310,1.351519,1.644430
2017-02-07,1.488732,1.350941,1.643853
2017-02-06,1.488155,1.350364,1.643275
2017-02-03,1.487577,1.349786,1.642698
2017-01-26,1.487000,1.349209,1.642120
2017-01-25,1.486422,1.348631,1.641542
2017-01-24,1.485844,1.348053,1.640965
2017-01-23,1.485267,1.347476,1.640387
2017-01-20,1.484689,1.346898,1.639810
2017-01-19,1.484112,1.346321,1.639232
2017-01-18,1.483534,1.345743,1.638655
2017-01-17,1.482957,1.345166,1.638077
2017-01-16,1.482379,1.344588,1.637500
2017-01-13,1.481801,1.344011,1.636922
2017-01-12,1.481224,1.343433,1.636344
2017-01-11,1.480646,1.342855,1.635767
2017-01-10,1.480069,1.342278,1.635189
2017-01-09,1.479491,1.341700,1.634612
2017-01-06,1.478914,1.341123,1.634034
2017-01-05,1.478336,1.340545,1.633457
2017-01-04,1.477759,1.339968,1.632879
2017-01-03,1.477181,1.339390,1.632302
2016-12-31,1.476603,1.338813,1.631724
2016-12-30,1.476026,1.338235,1.631146
2016-12-29,1.475448,1.337657,1.630569
2016-12-28,1.474871,1.337080,1.629991
2016-12-27,1.474293,1.336502,1.629414
2016-12-26,1.473716,1.335925,1.628836
2016-12-23,1.473138,1.335347,1.628259
2016-12-22,1.472561,1.334770,1.627681
2016-12-21,1.471983,1.334192,1.627103
2016-12-20,1.471405,1.333614,1.626526
2016-12-19,1.470828,1.333037,1.625948
2016-12-16,1.470250,1.332459,1.625371
2016-12-15,1.469673,1.331882,1.624793
2016-12-14,1.469095,1.331304,1.624216
2016-12-13,1.468518,1.330727,1.623638
2016-12-12,1.467940,1.330149,1.623061
2016-12-09,1.467363,1.329572,1.622483
2016-12-08,1.466785,1.328994,1.621905
2016-12-07,1.466207,1.328416,1.621328
2016-12-06,1.465630,1.327839,1.620750
2016-12-05,1.465052,1.327261,1.620173
2016-12-02,1.464475,1.326684,1.619595
2016-12-01,1.463897,1.326106,1.619018
2016-11-30,1.463320,1.325529,1.618440
2016-11-29,1.462742,1.324951,1.617863
2016-11-28,1.462164,1.324374,1.617285
2016-11-25,1.461587,1.323796,1.616707
2016-11-24,1.461009,1.323218,1.616130
2016-11-23,1.460432,1.322641,1.615552
2016-11-22,1.459854,1.322063,1.614975
2016-11-21,1.459277,1.321486,1.614397
2016-11-18,1.458699,1.320908,1.613820
2016-11-17,1.458122,1.320331,1.613242
2016-11-16,1.457544,1.319753,1.612665
2016-11-15,1.456966,1.319176,1.612087
2016-11-14,1.456389,1.318598,1.611509
2016-11-11,1.455811,1.318020,1.610932
2016-11-10,1.455234,1.317443,1.610354
2016-11-09,1.454656,1.316865,1.609777
2016-11-08,1.454079,1.316288,1.609199
2016-11-07,1.453501,1.315710,1.608622
2016-11-04,1.452924,1.315133,1.608044
2016-11-03,1.452346,1.314555,1.607466
2016-11-02,1.451768,1.313977,1.606889
2016-11-01,1.451191,1.313400,1.606311
2016-10-31,1.450613,1.312822,1.605734
2016-10-28,1.450036,1.312245,1.605156
2016-10-27,1.449458,1.311667,1.604579
2016-10-26,1.448881,1.311090,1.604001
2016-10-25,1.448303,1.310512,1.603424
2016-10-24,1.447726,1.309935,1.602846
2016-10-21,1.447148,1.309357,1.602268
2016-10-20,1.446570,1.308779,1.601691
2016-10-19,1.445993,1.308202,1.601113
2016-10-18,1.445415,1.307624,1.600536
2016-10-17,1.444838,1.307047,1.599958
2016-10-14,1.444260,1.306469,1.599381
2016-10-13,1.443683,1.305892,1.598803
2016-10-12,1.443105,1.305314,1.598226
2016-10-11,1.442528,1.304737,1.597648
2016-10-10,1.441950,1.304159,1.597070
2016-09-30,1.441372,1.303581,1.596493
2016-09-29,1.440795,1.303004,1.595915
2016-09-28,1.440217,1.302426,1.595338
2016-09-27,1.439640,1.301849,1.594760
2016-09-26,1.439062,1.301271,1.594183
2016-09-23,1.438485,1.300694,1.593605
2016-09-22,1.437907,1.300116,1.593028
2016-09-21,1.437329,1.299539,1.592450
2016-09-20,1.436752,1.298961,1.591872
2016-09-19,1.436174,1.298383,1.591295
2016-09-14,1.435597,1.297806,1.590717
2016-09-13,1.435019,1.297228,1.590140
2016-09-12,1.434442,1.296651,1.589562
2016-09-09,1.433864,1.296073,1.588985
2016-09-08,1.433287,1.295496,1.588407
2016-09-07,1.432709,1.294918,1.587830
2016-09-06,1.432131,1.294340,1.587252
2016-09-05,1.431554,1.293763,1.586674
2016-09-02,1.430976,1.293185,1.586097
2016-09-01,1.430399,1.292608,1.585519
2016-08-31,1.429821,1.292030,1.584942
2016-08-30,1.429244,1.291453,1.584364
2016-08-29,1.428666,1.290875,1.583787
2016-08-26,1.428089,1.290298,1.583209
2016-08-25,1.427511,1.289720,1.582631
2016-08-24,1.426933,1.289142,1.582054
2016-08-23,1.426356,1.288565,1.581476
2016-08-22,1.425778,1.287987,1.580899
2016-08-19,1.425201,1.287410,1.580321
2016-08-18,1.424623,1.286832,1.579744
2016-08-17,1.424046,1.286255,1.579166
2016-08-16,1.423468,1.285677,1.578589
2016-08-15,1.422891,1.285100,1.578011
2016-08-12,1.422313,1.284522,1.577433
2016-08-11,1.421735,1.283944,1.576856
2016-08-10,1.421158,1.283367,1.576278
2016-08-09,1.420580,1.282789,1.575701
2016-08-08,1.420003,1.282212,1.575123
2016-08-05,1.419425,1.281634,1.574546
2016-08-04,1.418848,1.281057,1.573968
2016-08-03,1.418270,1.280479,1.573391
2016-08-02,1.417692,1.279902,1.572813
2016-08-01,1.417115,1.279324,1.572235
2016-07-29,1.416537,1.278746,1.571658
2016-07-28,1.415960,1.278169,1.571080
2016-07-27,1.415382,1.277591,1.570503
2016-07-26,1.414805,1.277014,1.569925
2016-07-25,1.414227,1.276436,1.569348
2016-07-22,1.413650,1.275859,1.568770
2016-07-21,1.413072,1.275281,1.568193
2016-07-20,1.412494,1.274704,1.567615
2016-07-19,1.411917,1.274126,1.567037
2016-07-18,1.411339,1.273548,1.566460
2016-07-15,1.410762,1.272971,1.565882
2016-07-14,1.410184,1.272393,1.565305
2016-07-13,1.409607,1.271816,1.564727
2016-07-12,1.409029,1.271238,1.564150
2016-07-11,1.408452,1.270661,1.563572
2016-07-08,1.407874,1.270083,1.562994
2016-07-07,1.407296,1.269505,1.562417
2016-07-06,1.406719,1.268928,1.561839
2016-07-05,1.406141,1.268350,1.561262
2016-07-04,1.405564,1.267773,1.560684
2016-07-01,1.404986,1.267195,1.560107
2016-06-30,1.404409,1.266618,1.559529
2016-06-29,1.403831,1.266040,1.558952
2016-06-28,1.403254,1.265463,1.558374
2016-06-27,1.402676,1.264885,1.557796
2016-06-24,1.402098,1.264307,1.557219
2016-06-23,1.401521,1.263730,1.556641
2016-06-22,1.400943,1.263152,1.556064
2016-06-21,1.400366,1.262575,1.555486
2016-06-20,1.399788,1.261997,1.554909
2016-06-17,1.399211,1.261420,1.554331
2016-06-16,1.398633,1.260842,1.553754
2016-06-15,1.398055,1.260265,1.553176
2016-06-14,1.397478,1.259687,1.552598
2016-06-13,1.396900,1.259109,1.552021
2016-06-08,1.396323,1.258532,1.551443
2016-06-07,1.395745,1.257954,1.550866
2016-06-06,1.395168,1.257377,1.550288
2016-06-03,1.394590,1.256799,1.549711
2016-06-02,1.394013,1.256222,1.549133
2016-06-01,1.393435,1.255644,1.548556
2016-05-31,1.392857,1.255067,1.547978
2016-05-30,1.392280,1.254489,1.547400
2016-05-27,1.391702,1.253911,1.546823
2016-05-26,1.391125,1.253334,1.546245
2016-05-25,1.390547,1.252756,1.545668
2016-05-24,1.389970,1.252179,1.545090
2016-05-23,1.389392,1.251601,1.544513
2016-05-20,1.388815,1.251024,1.543935
2016-05-19,1.388237,1.250446,1.543357
2016-05-18,1.387659,1.249868,1.542780
2016-05-17,1.387082,1.249291,1.542202
2016-05-16,1.386504,1.248713,1.541625
2016-05-13,1.385927,1.248136,1.541047
2016-05-12,1.385349,1.247558,1.540470
2016-05-11,1.384772,1.246981,1.539892
2016-05-10,1.384194,1.246403,1.539315
2016-05-09,1.383617,1.245826,1.538737
2016-05-06,1.383039,1.245248,1.538159
2016-05-05,1.382461,1.244670,1.537582
2016-05-04,1.381884,1.244093,1.537004
2016-05-03,1.381306,1.243515,1.536427
2016-04-29,1.380729,1.242938,1.535849
2016-04-28,1.380151,1.242360,1.535272
2016-04-27,1.379574,1.241783,1.534694
2016-04-26,1.378996,1.241205,1.534117
2016-04-25,1.378418,1.240628,1.533539
2016-04-22,1.377841,1.240050,1.532961
2016-04-21,1.377263,1.239472,1.532384
2016-04-20,1.376686,1.238895,1.531806
2016-04-19,1.376108,1.238317,1.531229
2016-04-18,1.375531,1.237740,1.530651
2016-04-15,1.374953,1.237162,1.530074
2016-04-14,1.374376,1.236585,1.529496
2016-04-13,1.373798,1.236007,1.528919
2016-04-12,1.373220,1.235430,1.528341
2016-04-11,1.372643,1.234852,1.527763
2016-04-08,1.372065,1.234274,1.527186
2016-04-07,1.371488,1.233697,1.526608
2016-04-06,1.370910,1.233119,1.526031
2016-04-05,1.370333,1.232542,1.525453
2016-04-01,1.369755,1.231964,1.524876
2016-03-31,1.369178,1.231387,1.524298
2016-03-30,1.368600,1.230809,1.523720
2016-03-29,1.368022,1.230231,1.523143
2016-03-28,1.367445,1.229654,1.522565
2016-03-25,1.366867,1.229076,1.521988
2016-03-24,1.366290,1.228499,1.521410
2016-03-23,1.365712,1.227921,1.520833
2016-03-22,1.365135,1.227344,1.520255
2016-03-21,1.364557,1.226766,1.519678
2016-03-18,1.363980,1.226189,1.519100
2016-03-17,1.363402,1.225611,1.518522
2016-03-16,1.362824,1.225033,1.517945
2016-03-15,1.362247,1.224456,1.517367
2016-03-14,1.361669,1.223878,1.516790
2016-03-11,1.361092,1.223301,1.516212
2016-03-10,1.360514,1.222723,1.515635
2016-03-09,1.359937,1.222146,1.515057
2016-03-08,1.359359,1.221568,1.514480
2016-03-07,1.358782,1.220991,1.513902
2016-03-04,1.358204,1.220413,1.513324
2016-03-03,1.357626,1.219835,1.512747
2016-03-02,1.357049,1.219258,1.512169
2016-03-01,1.356471,1.218680,1.511592
2016-02-29,1.355894,1.218103,1.511014
2016-02-26,1.355316,1.217525,1.510437
2016-02-25,1.354739,1.216948,1.509859
2016-02-24,1.354161,1.216370,1.509282
2016-02-23,1.353583,1.215793,1.508704
2016-02-22,1.353006,1.215215,1.508126
2016-02-19,1.352428,1.214637,1.507549
2016-02-18,1.351851,1.214060,1.506971
2016-02-17,1.351273,1.213482,1.506394
2016-02-16,1.350696,1.212905,1.505816
2016-02-15,1.350118,1.212327,1.505239
2016-02-05,1.349541,1.211750,1.504661
2016-02-04,1.348963,1.211172,1.504083
2016-02-03,1.348385,1.210594,1.503506
2016-02-02,1.347808,1.210017,1.502928
2016-02-01,1.347230,1.209439,1.502351
2016-01-29,1.346653,1.208862,1.501773
2016-01-28,1.346075,1.208284,1.501196
2016-01-27,1.345498,1.207707,1.500618
2016-01-26,1.344920,1.207129,1.500041
2016-01-25,1.344343,1.206552,1.499463
2016-01-22,1.343765,1.205974,1.498885
2016-01-21,1.343187,1.205396,1.498308
2016-01-20,1.342610,1.204819,1.497730
2016-01-19,1.342032,1.204241,1.497153
2016-01-18,1.341455,1.203664,1.496575
2016-01-15,1.340877,1.203086,1.495998
2016-01-14,1.340300,1.202509,1.495420
2016-01-13,1.339722,1.201931,1.494843
2016-01-12,1.339145,1.201354,1.494265
2016-01-11,1.338567,1.200776,1.493687
2016-01-08,1.337989,1.200198,1.493110
2016-01-07,1.337412,1.199621,1.492532
2016-01-06,1.336834,1.199043,1.491955
2016-01-05,1.336257,1.198466,1.491377
2016-01-04,1.335679,1.197888,1.490800
2015-12-31,1.335102,1.197311,1.490222
2015-12-30,1.334524,1.196733,1.489645
2015-12-29,1.333946,1.196156,1.489067
2015-12-28,1.333369,1.195578,1.488489
2015-12-25,1.332791,1.195000,1.487912
2015-12-24,1.332214,1.194423,1.487334
2015-12-23,1.331636,1.193845,1.486757
2015-12-22,1.331059,1.193268,1.486179
2015-12-21,1.330481,1.192690,1.485602
2015-12-18,1.329904,1.192113,1.485024
2015-12-17,1.329326,1.191535,1.484447
2015-12-16,1.328748,1.190958,1.483869
2015-12-15,1.328171,1.190380,1.483291
2015-12-14,1.327593,1.189802,1.482714
2015-12-11,1.327016,1.189225,1.482136
2015-12-10,1.326438,1.188647,1.481559
2015-12-09,1.325861,1.188070,1.480981
2015-12-08,1.325283,1.187492,1.480404
2015-12-07,1.324706,1.186915,1.479826
2015-12-04,1.324128,1.186337,1.479248
2015-12-03,1.323550,1.185759,1.478671
2015-12-02,1.322973,1.185182,1.478093
2015-12-01,1.322395,1.184604,1.477516
2015-11-30,1.321818,1.184027,1.476938
2015-11-27,1.321240,1.183449,1.476361
2015-11-26,1.320663,1.182872,1.475783
2015-11-25,1.320085,1.182294,1.475206
2015-11-24,1.319508,1.181717,1.474628
2015-11-23,1.318930,1.181139,1.474050
2015-11-20,1.318352,1.180561,1.473473
2015-11-19,1.317775,1.179984,1.472895
2015-11-18,1.317197,1.179406,1.472318
2015-11-17,1.316620,1.178829,1.471740
2015-11-16,1.316042,1.178251,1.471163
2015-11-13,1.315465,1.177674,1.470585
2015-11-12,1.314887,1.177096,1.470008
2015-11-11,1.314309,1.176519,1.469430
2015-11-10,1.313732,1.175941,1.468852
2015-11-09,1.313154,1.175363,1.468275
2015-11-06,1.312577,1.174786,1.467697
2015-11-05,1.311999,1.174208,1.467120
2015-11-04,1.311422,1.173631,1.466542
2015-11-03,1.310844,1.173053,1.465965
2015-11-02,1.310267,1.172476,1.465387
2015-10-30,1.309689,1.171898,1.464810
2015-10-29,1.309111,1.171321,1.464232
2015-10-28,1.308534,1.170743,1.463654
2015-10-27,1.307956,1.170165,1.463077
2015-10-26,1.307379,1.169588,1.462499
2015-10-23,1.306801,1.169010,1.461922
2015-10-22,1.306224,1.168433,1.461344
2015-10-21,1.305646,1.167855,1.460767
2015-10-20,1.305069,1.167278,1.460189
2015-10-19,1.304491,1.166700,1.459611
2015-10-16,1.303913,1.166122,1.459034
2015-10-15,1.303336,1.165545,1.458456
2015-10-14,1.302758,1.164967,1.457879
2015-10-13,1.302181,1.164390,1.457301
2015-10-12,1.301603,1.163812,1.456724
2015-10-09,1.301026,1.163235,1.456146
2015-10-08,1.300448,1.162657,1.455569
2015-09-30,1.299871,1.162080,1.454991
2015-09-29,1.299293,1.161502,1.454413
2015-09-28,1.298715,1.160924,1.453836
2015-09-25,1.298138,1.160347,1.453258
2015-09-24,1.297560,1.159769,1.452681
2015-09-23,1.296983,1.159192,1.452103
2015-09-22,1.296405,1.158614,1.451526
2015-09-21,1.295828,1.158037,1.450948
2015-09-18,1.295250,1.157459,1.450371
2015-09-17,1.294672,1.156882,1.449793
2015-09-16,1.294095,1.156304,1.449215
2015-09-15,1.293517,1.155726,1.448638
2015-09-14,1.292940,1.155149,1.448060
2015-09-11,1.292362,1.154571,1.447483
2015-09-10,1.291785,1.153994,1.446905
2015-09-09,1.291207,1.153416,1.446328
2015-09-08,1.290630,1.152839,1.445750
2015-09-07,1.290052,1.152261,1.445173
2015-09-02,1.289474,1.151684,1.444595
2015-09-01,1.288897,1.151106,1.444017
2015-08-31,1.288319,1.150528,1.443440
2015-08-28,1.287742,1.149951,1.442862
2015-08-27,1.287164,1.149373,1.442285
2015-08-26,1.286587,1.148796,1.441707
2015-08-25,1.286009,1.148218,1.441130
2015-08-24,1.285432,1.147641,1.440552
2015-08-21,1.284854,1.147063,1.439974
2015-08-20,1.284276,1.146485,1.439397
2015-08-19,1.283699,1.145908,1.438819
2015-08-18,1.283121,1.145330,1.438242
2015-08-17,1.282544,1.144753,1.437664
2015-08-14,1.281966,1.144175,1.437087
2015-08-13,1.281389,1.143598,1.436509
2015-08-12,1.280811,1.143020,1.435932
2015-08-11,1.280234,1.142443,1.435354
2015-08-10,1.279656,1.141865,1.434776
2015-08-07,1.279078,1.141287,1.434199
2015-08-06,1.278501,1.140710,1.433621
2015-08-05,1.277923,1.140132,1.433044
2015-08-04,1.277346,1.139555,1.432466
2015-08-03,1.276768,1.138977,1.431889
2015-07-31,1.276191,1.138400,1.431311
2015-07-30,1.275613,1.137822,1.430734
2015-07-29,1.275036,1.137245,1.430156
2015-07-28,1.274458,1.136667,1.429578
2015-07-27,1.273880,1.136089,1.429001
2015-07-24,1.273303,1.135512,1.428423
2015-07-23,1.272725,1.134934,1.427846
2015-07-22,1.272148,1.134357,1.427268
2015-07-21,1.271570,1.133779,1.426691
2015-07-20,1.270993,1.133202,1.426113
2015-07-17,1.270415,1.132624,1.425536
2015-07-16,1.269837,1.132047,1.424958
2015-07-15,1.269260,1.131469,1.424380
2015-07-14,1.268682,1.130891,1.423803
2015-07-13,1.268105,1.130314,1.423225
2015-07-10,1.267527,1.129736,1.422648
2015-07-09,1.266950,1.129159,1.422070
2015-07-08,1.266372,1.128581,1.421493
2015-07-07,1.265795,1.128004,1.420915
2015-07-06,1.265217,1.127426,1.420337
2015-07-03,1.264639,1.126848,1.419760
2015-07-02,1.264062,1.126271,1.419182
2015-07-01,1.263484,1.125693,1.418605
2015-06-30,1.262907,1.125116,1.418027
2015-06-29,1.262329,1.124538,1.417450
2015-06-26,1.261752,1.123961,1.416872
2015-06-25,1.261174,1.123383,1.416295
2015-06-24,1.260597,1.122806,1.415717
2015-06-23,1.260019,1.122228,1.415139
2015-06-19,1.259441,1.121650,1.414562
2015-06-18,1.258864,1.121073,1.413984
2015-06-17,1.258286,1.120495,1.413407
2015-06-16,1.257709,1.119918,1.412829
2015-06-15,1.257131,1.119340,1.412252
2015-06-12,1.256554,1.118763,1.411674
2015-06-11,1.255976,1.118185,1.411097
2015-06-10,1.255399,1.117608,1.410519
2015-06-09,1.254821,1.117030,1.409941
2015-06-08,1.254243,1.116452,1.409364
2015-06-05,1.253666,1.115875,1.408786
2015-06-04,1.253088,1.115297,1.408209
2015-06-03,1.252511,1.114720,1.407631
2015-06-02,1.251933,1.114142,1.407054
2015-06-01,1.251356,1.113565,1.406476
2015-05-29,1.250778,1.112987,1.405899
2015-05-28,1.250200,1.112410,1.405321
2015-05-27,1.249623,1.111832,1.404743
2015-05-26,1.249045,1.111254,1.404166
2015-05-25,1.248468,1.110677,1.403588
2015-05-22,1.247890,1.110099,1.403011
2015-05-21,1.247313,1.109522,1.402433
2015-05-20,1.246735,1.108944,1.401856
2015-05-19,1.246158,1.108367,1.401278
2015-05-18,1.245580,1.107789,1.400701
2015-05-15,1.245002,1.107212,1.400123
2015-05-14,1.244425,1.106634,1.399545
2015-05-13,1.243847,1.106056,1.398968
2015-05-12,1.243270,1.105479,1.398390
2015-05-11,1.242692,1.104901,1.397813
2015-05-08,1.242115,1.104324,1.397235
2015-05-07,1.241537,1.103746,1.396658
2015-05-06,1.240960,1.103169,1.396080
2015-05-05,1.240382,1.102591,1.395502
2015-05-04,1.239804,1.102013,1.394925
2015-04-30,1.239227,1.101436,1.394347
2015-04-29,1.238649,1.100858,1.393770
2015-04-28,1.238072,1.100281,1.393192
2015-04-27,1.237494,1.099703,1.392615
2015-04-24,1.236917,1.099126,1.392037
2015-04-23,1.236339,1.098548,1.391460
2015-04-22,1.235762,1.097971,1.390882
2015-04-21,1.235184,1.097393,1.390304
2015-04-20,1.234606,1.096815,1.389727
2015-04-17,1.234029,1.096238,1.389149
2015-04-16,1.233451,1.095660,1.388572
2015-04-15,1.232874,1.095083,1.387994
2015-04-14,1.232296,1.094505,1.387417
2015-04-13,1.231719,1.093928,1.386839
2015-04-10,1.231141,1.093350,1.386262
2015-04-09,1.230563,1.092773,1.385684
2015-04-08,1.229986,1.092195,1.385106
2015-04-07,1.229408,1.091617,1.384529
2015-04-03,1.228831,1.091040,1.383951
2015-04-02,1.228253,1.090462,1.383374
2015-04-01,1.227676,1.089885,1.382796
2015-03-31,1.227098,1.089307,1.382219
2015-03-30,1.226521,1.088730,1.381641
2015-03-27,1.225943,1.088152,1.381064
2015-03-26,1.225365,1.087575,1.380486
2015-03-25,1.224788,1.086997,1.379908
2015-03-24,1.224210,1.086419,1.379331
2015-03-23,1.223633,1.085842,1.378753
2015-03-20,1.223055,1.085264,1.378176
2015-03-19,1.222478,1.084687,1.377598
2015-03-18,1.221900,1.084109,1.377021
2015-03-17,1.221323,1.083532,1.376443
2015-03-16,1.220745,1.082954,1.375865
2015-03-13,1.220167,1.082376,1.375288
2015-03-12,1.219590,1.081799,1.374710
2015-03-11,1.219012,1.081221,1.374133
2015-03-10,1.218435,1.080644,1.373555
2015-03-09,1.217857,1.080066,1.372978
2015-03-06,1.217280,1.079489,1.372400
2015-03-05,1.216702,1.078911,1.371823
2015-03-04,1.216125,1.078334,1.371245
2015-03-03,1.215547,1.077756,1.370667
2015-03-02,1.214969,1.077178,1.370090
2015-02-27,1.214392,1.076601,1.369512
2015-02-26,1.213814,1.076023,1.368935
2015-02-25,1.213237,1.075446,1.368357
2015-02-17,1.212659,1.074868,1.367780
2015-02-16,1.212082,1.074291,1.367202
2015-02-13,1.211504,1.073713,1.366625
2015-02-12,1.210926,1.073136,1.366047
2015-02-11,1.210349,1.072558,1.365469
2015-02-10,1.209771,1.071980,1.364892
2015-02-09,1.209194,1.071403,1.364314
2015-02-06,1.208616,1.070825,1.363737
2015-02-05,1.208039,1.070248,1.363159
2015-02-04,1.207461,1.069670,1.362582
2015-02-03,1.206884,1.069093,1.362004
2015-02-02,1.206306,1.068515,1.361427
2015-01-30,1.205728,1.067938,1.360849
2015-01-29,1.205151,1.067360,1.360271
2015-01-28,1.204573,1.066782,1.359694
2015-01-27,1.203996,1.066205,1.359116
2015-01-26,1.203418,1.065627,1.358539
2015-01-23,1.202841,1.065050,1.357961
2015-01-22,1.202263,1.064472,1.357384
2015-01-21,1.201686,1.063895,1.356806
2015-01-20,1.201108,1.063317,1.356228
2015-01-19,1.200530,1.062739,1.355651
2015-01-16,1.199953,1.062162,1.355073
2015-01-15,1.199375,1.061584,1.354496
2015-01-14,1.198798,1.061007,1.353918
2015-01-13,1.198220,1.060429,1.353341
2015-01-12,1.197643,1.059852,1.352763
2015-01-09,1.197065,1.059274,1.352186
2015-01-08,1.196488,1.058697,1.351608
2015-01-07,1.195910,1.058119,1.351030
2015-01-06,1.195332,1.057541,1.350453
2015-01-05,1.194755,1.056964,1.349875
2014-12-31,1.194177,1.056386,1.349298
2014-12-30,1.193600,1.055809,1.348720
2014-12-29,1.193022,1.055231,1.348143
2014-12-26,1.192445,1.054654,1.347565
2014-12-25,1.191867,1.054076,1.346988
2014-12-24,1.191290,1.053499,1.346410
2014-12-23,1.190712,1.052921,1.345832
2014-12-22,1.190134,1.052343,1.345255
2014-12-19,1.189557,1.051766,1.344677
2014-12-18,1.188979,1.051188,1.344100
2014-12-17,1.188402,1.050611,1.343522
2014-12-16,1.187824,1.050033,1.342945
2014-12-15,1.187247,1.049456,1.342367
2014-12-12,1.186669,1.048878,1.341790
2014-12-11,1.186091,1.048301,1.341212
2014-12-10,1.185514,1.047723,1.340634
2014-12-09,1.184936,1.047145,1.340057
2014-12-08,1.184359,1.046568,1.339479
2014-12-05,1.183781,1.045990,1.338902
2014-12-04,1.183204,1.045413,1.338324
2014-12-03,1.182626,1.044835,1.337747
2014-12-02,1.182049,1.044258,1.337169
2014-12-01,1.181471,1.043680,1.336591
2014-11-28,1.180893,1.043102,1.336014
2014-11-27,1.180316,1.042525,1.335436
2014-11-26,1.179738,1.041947,1.334859
2014-11-25,1.179161,1.041370,1.334281
2014-11-24,1.178583,1.040792,1.333704
2014-11-21,1.178006,1.040215,1.333126
2014-11-20,1.177428,1.039637,1.332549
